<!--/********************************************************************************
	File 			: Email.xml
	Author name 		: Rushabh Mehta
	Employee ID		: 137585
	Description 		: Create XML files for storing Email data
 	Version 		: 1.0
	Last modified date 	: 06/10/2017
 	Change Description	: NA
	
*********************************************************************************/-->
<?xml version="1.0" encoding="utf-8" ?>
<email>
	
	<info>
		<to>gargkapil899@gmail.com</to>
		<from>rushabhm294@gmail.com</from>
		<cc>xyz@gmail.com</cc>
		<bcc>pqr@gmail.com</bcc>
		<subject>Alert</subject>
		<body>Hi, My name is Kapil Garg</body>
	</info>
	
</email>