<!--/********************************************************************************
	File 			: Lab1.4.xml
	Author name 		: Rushabh Mehta
	Employee ID		: 137585
	Description 		: Create an XML file to store employee details.
 	Version 		: 1.0
	Last modified date 	: 06/10/2017
 	Change Description	: NA
	
*********************************************************************************/-->
<?xml version="1.0" encoding="utf-8" ?>

<Employees>
	
	<Employee>
		<EmpNo>7369</EmpNo>
		<EName>SMITH</EName>
		<Job>CLERK</Job>
		<Mgr>7902</Mgr>
		<HireDate>17-DEC-80</HireDate>
		<Sal>1100</Sal>
		<Comm>200</Comm>
		<DeptNo>20</DeptNo>
	</Employee>
	
	<Employee>
		<EmpNo>7499</EmpNo>
		<EName>ALLEN</EName>
		<Job>SALESMAN</Job>
		<Mgr>7698</Mgr>
		<HireDate>20-FEB-81</HireDate>
		<Sal>1600</Sal>
		<Comm>24820</Comm>
		<DeptNo>30</DeptNo>
	</Employee>
	
	<Employee>
		<EmpNo>7521</EmpNo>
		<EName>WARD</EName>
		<Job>SALESMAN</Job>
		<Mgr>7698</Mgr>
		<HireDate>22-FEB-81</HireDate>
		<Sal>1375</Sal>
		<Comm>19700</Comm>
		<DeptNo>30</DeptNo>
	</Employee>
	
	<Employee>
		<EmpNo>7566</EmpNo>
		<EName>JONES</EName>
		<Job>MANAGER</Job>
		<Mgr>7839</Mgr>
		<HireDate>02-APR-81</HireDate>
		<Sal>3175</Sal>
		<Comm></Comm>
		<DeptNo>20</DeptNo>
	</Employee>
	
	<Employee>
		<EmpNo>7654</EmpNo>
		<EName>MARTIN</EName>
		<Job>SALESMAN</Job>
		<Mgr>7698</Mgr>
		<HireDate>28-Sept-81</HireDate>
		<Sal>1375</Sal>
		<Comm>20600</Comm>
		<DeptNo>30</DeptNo>
	</Employee>
	
	<Employee>
		<EmpNo>7698</EmpNo>
		<EName>BLAKE</EName>
		<Job>MANAGER</Job>
		<Mgr>7839</Mgr>
		<HireDate>01-MAY-81</HireDate>
		<Sal>2850</Sal>
		<Comm></Comm>
		<DeptNo>30</DeptNo>
	</Employee>
	
	<Employee>
		<EmpNo>7782</EmpNo>
		<EName>CLARKE</EName>
		<Job>MANAGER</Job>
		<Mgr>7839</Mgr>
		<HireDate>09-JUN-81</HireDate>
		<Sal>2450</Sal>
		<Comm></Comm>
		<DeptNo>10</DeptNo>
	</Employee>
	
	<Employee>
		<EmpNo>7788</EmpNo>
		<EName>SCOTT</EName>
		<Job>ANALYST</Job>
		<Mgr>7566</Mgr>
		<HireDate>19-APR-87</HireDate>
		<Sal>2000</Sal>
		<Comm></Comm>
		<DeptNo>20</DeptNo>
	</Employee>
	
	<Employee>
		<EmpNo>7839</EmpNo>
		<EName>KING</EName>
		<Job>PRESIDENT</Job>
		<Mgr></Mgr>
		<HireDate>17-NOV-81</HireDate>
		<Sal>5000</Sal>
		<Comm></Comm>
		<DeptNo>10</DeptNo>
	</Employee>
	
	<Employee>
		<EmpNo>7844</EmpNo>
		<EName>TURNER</EName>
		<Job>SALESMAN</Job>
		<Mgr>7698</Mgr>
		<HireDate>08-SEP-81</HireDate>
		<Sal>1650</Sal>
		<Comm>23000</Comm>
		<DeptNo>30</DeptNo>
	</Employee>
	
	<Employee>
		<EmpNo>876</EmpNo>
		<EName>ADAMS</EName>
		<Job>CLERK</Job>
		<Mgr>7788</Mgr>
		<HireDate>23-MAY-87</HireDate>
		<Sal>1430</Sal>
		<Comm>200</Comm>
		<DeptNo>20</DeptNo>
	</Employee>
	
	<Employee>
		<EmpNo>7900</EmpNo>
		<EName>JAMES</EName>
		<Job>CLERK</Job>
		<Mgr>7698</Mgr>
		<HireDate>03-DEC-81</HireDate>
		<Sal>1045</Sal>
		<Comm>200</Comm>
		<DeptNo>30</DeptNo>
	</Employee>
	
	<Employee>
		<EmpNo>7902</EmpNo>
		<EName>FORD</EName>
		<Job>ANALYST</Job>
		<Mgr>7566</Mgr>
		<HireDate>03-DEC-81</HireDate>
		<Sal>3200</Sal>
		<Comm></Comm>
		<DeptNo>20</DeptNo>
	</Employee>
	
	<Employee>
		<EmpNo>7934</EmpNo>
		<EName>MILLER</EName>
		<Job>CLERK</Job>
		<Mgr>7782</Mgr>
		<HireDate>23-JAN-81</HireDate>
		<Sal>1430</Sal>
		<Comm>200</Comm>
		<DeptNo>10</DeptNo>
	</Employee>
</Employees>