<!--/********************************************************************************
	File 			: Lab1.3.xml
	Author name 		: Rushabh Mehta
	Employee ID		: 137585
	Description 		: Create an XML file for storing employee details 
 	Version 		: 1.0
	Last modified date 	: 06/10/2017
 	Change Description	: NA
	
*********************************************************************************/-->
<?xml version="1.0" encoding="utf-8" ?>

<EmployeeDetails>
	
	<Employee>
		
		<EmployeeCode>1111</EmployeeCode>
		<EmployeeName>
			<FirstName>Seema</FirstName>
			<LastName>Dalvi</LastName>
		</EmployeeName>
		<DOJ>09/08/97</DOJ>
		<TotalExperience>12</TotalExperience>
		<Department>
			<Unit>3d</Unit>
			<loc>Mumbai</loc>
		</Department>
		<Designation>
			<_x0001_></_x0001_>
			<_x0010_></_x0010_>
			<_x0011_></_x0011_>
			<_x0100_>*</_x0100_>
			<_x0101_></_x0101_>
		</Designation>
		<Sal>21000</Sal>
		<Grade>
			<a></a>
			<b>*</b>
			<c></c>
			<d></d>
		</Grade>
		
	</Employee>
	
	<Employee>
		
		<EmployeeCode>222</EmployeeCode>
		<EmployeeName>
			<FirstName>Bharati</FirstName>
			<LastName>Mantri</LastName>
		</EmployeeName>
		<DOJ>12/01/99</DOJ>
		<TotalExperience>5</TotalExperience>
		<Department>
			<Unit>4a</Unit>
			<loc>Pune</loc>
		</Department>
		<Designation>
			<_x0001_></_x0001_>
			<_x0010_>*</_x0010_>
			<_x0011_></_x0011_>
			<_x0100_></_x0100_>
			<_x0101_></_x0101_>
		</Designation>
		<Sal>12000</Sal>
		<Grade>
			<a>*</a>
			<b></b>
			<c></c>
			<d></d>
		</Grade>
		
	</Employee>

</EmployeeDetails>